,Not_purchased,Purchased
0,0.8088467,0.1911533
1,0.5602555,0.43974447
2,0.7964912,0.2035088
3,0.80574226,0.19425777
4,0.8088467,0.1911533
5,0.54832935,0.45167065
6,0.8088467,0.1911533
7,0.8088467,0.1911533
8,0.80732954,0.19267045
9,0.80732954,0.19267045
10,0.80732954,0.19267045
11,0.8088467,0.1911533
12,0.5602555,0.43974447
13,0.6846373,0.31536266
14,0.80732954,0.19267045
15,0.80732954,0.19267045
16,0.80732954,0.19267045
17,0.80574226,0.19425777
18,0.80732954,0.19267045
19,0.80732954,0.19267045
20,0.8088467,0.1911533
21,0.8088467,0.1911533
22,0.8088467,0.1911533
23,0.6846373,0.31536266
24,0.80574226,0.19425777
25,0.80574226,0.19425777
26,0.53217065,0.46782935
27,0.8088467,0.1911533
28,0.8088467,0.1911533
29,0.6846373,0.31536266
30,0.80732954,0.19267045
31,0.80732954,0.19267045
32,0.6846373,0.31536266
33,0.4507773,0.5492227
34,0.8088467,0.1911533
35,0.8088467,0.1911533
36,0.80732954,0.19267045
37,0.8088467,0.1911533
38,0.80732954,0.19267045
39,0.8088467,0.1911533
40,0.8088467,0.1911533
41,0.5236323,0.47636768
42,0.80732954,0.19267045
43,0.8088467,0.1911533
44,0.4872508,0.5127492
45,0.4872508,0.5127492
46,0.80574226,0.19425777
47,0.6846373,0.31536266
48,0.5602555,0.43974447
49,0.8088467,0.1911533
50,0.5406301,0.4593699
51,0.7846076,0.21539241
52,0.8088467,0.1911533
53,0.5525937,0.44740632
54,0.8088467,0.1911533
55,0.80574226,0.19425777
56,0.8088467,0.1911533
57,0.44310397,0.55689603
58,0.8088467,0.1911533
59,0.8088467,0.1911533
60,0.80574226,0.19425777
61,0.80732954,0.19267045
62,0.6846373,0.31536266
63,0.80732954,0.19267045
64,0.8088467,0.1911533
65,0.7862563,0.21374369
66,0.79227,0.20773001
67,0.8088467,0.1911533
68,0.80732954,0.19267045
69,0.7191464,0.2808536
70,0.80574226,0.19425777
71,0.8088467,0.1911533
72,0.8088467,0.1911533
73,0.53217065,0.46782935
74,0.8088467,0.1911533
75,0.80574226,0.19425777
76,0.80732954,0.19267045
77,0.8088467,0.1911533
78,0.8088467,0.1911533
79,0.7964912,0.2035088
80,0.80732954,0.19267045
81,0.80574226,0.19425777
82,0.7846076,0.21539241
83,0.80732954,0.19267045
84,0.53217065,0.46782935
85,0.80574226,0.19425777
86,0.80574226,0.19425777
87,0.8088467,0.1911533
88,0.539891,0.46010897
89,0.80732954,0.19267045
90,0.8088467,0.1911533
91,0.80732954,0.19267045
92,0.8088467,0.1911533
93,0.8088467,0.1911533
94,0.74507374,0.25492626
95,0.80732954,0.19267045
96,0.80732954,0.19267045
97,0.8088467,0.1911533
98,0.80574226,0.19425777
99,0.80574226,0.19425777
100,0.8088467,0.1911533
101,0.80732954,0.19267045
102,0.6846373,0.31536266
103,0.8088467,0.1911533
104,0.80732954,0.19267045
105,0.5602555,0.43974447
106,0.80574226,0.19425777
107,0.44310397,0.55689603
108,0.8088467,0.1911533
109,0.80732954,0.19267045
110,0.80574226,0.19425777
111,0.8088467,0.1911533
112,0.8088467,0.1911533
113,0.7906553,0.2093447
114,0.8088467,0.1911533
115,0.8088467,0.1911533
116,0.8088467,0.1911533
117,0.80732954,0.19267045
118,0.80574226,0.19425777
119,0.8088467,0.1911533
120,0.7964912,0.2035088
121,0.41260165,0.58739835
122,0.48353517,0.5164648
123,0.8088467,0.1911533
124,0.8088467,0.1911533
125,0.8088467,0.1911533
126,0.4822322,0.5177678
127,0.8088467,0.1911533
128,0.80732954,0.19267045
129,0.8088467,0.1911533
130,0.45285338,0.5471466
131,0.8088467,0.1911533
132,0.80732954,0.19267045
133,0.8088467,0.1911533
134,0.8088467,0.1911533
135,0.8088467,0.1911533
136,0.7964912,0.2035088
137,0.7964912,0.2035088
138,0.8088467,0.1911533
139,0.80574226,0.19425777
140,0.8088467,0.1911533
141,0.8088467,0.1911533
142,0.80732954,0.19267045
143,0.8088467,0.1911533
144,0.44310397,0.55689603
145,0.80732954,0.19267045
146,0.80574226,0.19425777
147,0.8088467,0.1911533
148,0.8088467,0.1911533
149,0.8088467,0.1911533
150,0.8088467,0.1911533
151,0.8088467,0.1911533
152,0.80732954,0.19267045
153,0.8088467,0.1911533
154,0.80732954,0.19267045
155,0.8088467,0.1911533
156,0.8088467,0.1911533
157,0.8088467,0.1911533
158,0.80732954,0.19267045
159,0.8088467,0.1911533
160,0.7276789,0.27232113
161,0.7276789,0.27232113
162,0.8088467,0.1911533
163,0.80732954,0.19267045
164,0.8088467,0.1911533
165,0.7964912,0.2035088
166,0.8088467,0.1911533
167,0.8088467,0.1911533
168,0.8088467,0.1911533
169,0.80574226,0.19425777
170,0.8088467,0.1911533
171,0.5602555,0.43974447
172,0.7964912,0.2035088
173,0.80574226,0.19425777
174,0.8088467,0.1911533
175,0.8088467,0.1911533
176,0.8088467,0.1911533
177,0.8088467,0.1911533
178,0.80732954,0.19267045
179,0.7906553,0.2093447
180,0.6846373,0.31536266
181,0.80732954,0.19267045
182,0.80732954,0.19267045
183,0.80574226,0.19425777
184,0.80732954,0.19267045
185,0.8088467,0.1911533
186,0.7964912,0.2035088
187,0.3951323,0.6048677
188,0.8088467,0.1911533
189,0.80574226,0.19425777
190,0.7964912,0.2035088
191,0.8088467,0.1911533
192,0.7964912,0.2035088
193,0.5602555,0.43974447
194,0.8088467,0.1911533
195,0.8088467,0.1911533
196,0.80732954,0.19267045
197,0.8088467,0.1911533
198,0.8088467,0.1911533
199,0.80732954,0.19267045
200,0.8088467,0.1911533
201,0.5406301,0.4593699
202,0.8088467,0.1911533
203,0.80732954,0.19267045
204,0.80732954,0.19267045
205,0.80732954,0.19267045
206,0.80732954,0.19267045
207,0.80732954,0.19267045
208,0.7191464,0.2808536
209,0.80574226,0.19425777
210,0.7906553,0.2093447
211,0.7846076,0.21539241
212,0.80574226,0.19425777
213,0.80732954,0.19267045
214,0.5406301,0.4593699
215,0.80732954,0.19267045
216,0.8088467,0.1911533
217,0.80732954,0.19267045
218,0.8088467,0.1911533
219,0.71651495,0.28348508
220,0.5602555,0.43974447
221,0.8088467,0.1911533
222,0.80732954,0.19267045
223,0.5406301,0.4593699
224,0.80732954,0.19267045
225,0.73388773,0.26611227
226,0.7964912,0.2035088
227,0.5525937,0.44740632
228,0.8088467,0.1911533
229,0.80732954,0.19267045
230,0.5615407,0.43845928
231,0.5525937,0.44740632
232,0.80574226,0.19425777
233,0.8088467,0.1911533
234,0.7862563,0.21374369
235,0.80574226,0.19425777
236,0.8088467,0.1911533
237,0.5406301,0.4593699
238,0.8088467,0.1911533
239,0.80732954,0.19267045
240,0.8088467,0.1911533
241,0.8088467,0.1911533
242,0.8088467,0.1911533
243,0.8088467,0.1911533
244,0.80574226,0.19425777
245,0.7964912,0.2035088
246,0.8088467,0.1911533
247,0.80732954,0.19267045
248,0.8088467,0.1911533
249,0.8088467,0.1911533
250,0.80574226,0.19425777
251,0.8088467,0.1911533
252,0.8088467,0.1911533
253,0.41420197,0.585798
254,0.8088467,0.1911533
255,0.8088467,0.1911533
256,0.8088467,0.1911533
257,0.6830928,0.31690723
258,0.8088467,0.1911533
259,0.8088467,0.1911533
260,0.5406301,0.4593699
261,0.80574226,0.19425777
262,0.80732954,0.19267045
263,0.8088467,0.1911533
264,0.8088467,0.1911533
265,0.6846373,0.31536266
266,0.8088467,0.1911533
267,0.8088467,0.1911533
268,0.8088467,0.1911533
269,0.8088467,0.1911533
270,0.8088467,0.1911533
271,0.5338965,0.4661035
272,0.80732954,0.19267045
273,0.7620447,0.23795526
274,0.80732954,0.19267045
275,0.7862563,0.21374369
276,0.8088467,0.1911533
277,0.6846373,0.31536266
278,0.80732954,0.19267045
279,0.80732954,0.19267045
280,0.80732954,0.19267045
281,0.8088467,0.1911533
282,0.8088467,0.1911533
283,0.8088467,0.1911533
284,0.8088467,0.1911533
285,0.8088467,0.1911533
286,0.7906553,0.2093447
287,0.8088467,0.1911533
288,0.8088467,0.1911533
289,0.80732954,0.19267045
290,0.4899869,0.5100131
291,0.8088467,0.1911533
292,0.8088467,0.1911533
293,0.80732954,0.19267045
294,0.80732954,0.19267045
295,0.7276789,0.27232113
296,0.8088467,0.1911533
297,0.80732954,0.19267045
298,0.80732954,0.19267045
299,0.8088467,0.1911533
300,0.8088467,0.1911533
301,0.8088467,0.1911533
302,0.5525937,0.44740632
303,0.80732954,0.19267045
304,0.74608994,0.25391006
305,0.73388773,0.26611227
306,0.80732954,0.19267045
307,0.4507773,0.5492227
308,0.80732954,0.19267045
309,0.8088467,0.1911533
310,0.7964912,0.2035088
311,0.80732954,0.19267045
312,0.8088467,0.1911533
313,0.8088467,0.1911533
314,0.8088467,0.1911533
315,0.8088467,0.1911533
316,0.6846373,0.31536266
317,0.8088467,0.1911533
318,0.8088467,0.1911533
319,0.74608994,0.25391006
320,0.80732954,0.19267045
321,0.8088467,0.1911533
322,0.80732954,0.19267045
323,0.8088467,0.1911533
324,0.4822322,0.5177678
325,0.80732954,0.19267045
326,0.7964912,0.2035088
327,0.80732954,0.19267045
328,0.5602555,0.43974447
329,0.8088467,0.1911533
330,0.8088467,0.1911533
331,0.47526366,0.52473634
332,0.80732954,0.19267045
333,0.80732954,0.19267045
334,0.80732954,0.19267045
335,0.80732954,0.19267045
336,0.8088467,0.1911533
337,0.6846373,0.31536266
338,0.8088467,0.1911533
339,0.80574226,0.19425777
340,0.8088467,0.1911533
341,0.45285338,0.5471466
342,0.80574226,0.19425777
343,0.48353517,0.5164648
344,0.7964912,0.2035088
345,0.80732954,0.19267045
346,0.8088467,0.1911533
347,0.80732954,0.19267045
348,0.8088467,0.1911533
349,0.7964912,0.2035088
350,0.8088467,0.1911533
351,0.49458063,0.5054194
352,0.8088467,0.1911533
353,0.8088467,0.1911533
354,0.8088467,0.1911533
355,0.80574226,0.19425777
356,0.80732954,0.19267045
357,0.7191464,0.2808536
358,0.8088467,0.1911533
359,0.80732954,0.19267045
360,0.8088467,0.1911533
361,0.41133755,0.58866245
362,0.8088467,0.1911533
363,0.8088467,0.1911533
364,0.4507773,0.5492227
365,0.41420197,0.585798
366,0.8088467,0.1911533
367,0.8088467,0.1911533
368,0.80732954,0.19267045
369,0.5419257,0.45807427
370,0.80574226,0.19425777
371,0.8088467,0.1911533
372,0.80574226,0.19425777
373,0.8088467,0.1911533
374,0.8088467,0.1911533
375,0.80732954,0.19267045
376,0.8088467,0.1911533
377,0.80574226,0.19425777
378,0.8088467,0.1911533
379,0.79227,0.20773001
380,0.80732954,0.19267045
381,0.7964912,0.2035088
382,0.80574226,0.19425777
383,0.8088467,0.1911533
384,0.80732954,0.19267045
385,0.80574226,0.19425777
386,0.8088467,0.1911533
387,0.8088467,0.1911533
388,0.8088467,0.1911533
389,0.8088467,0.1911533
390,0.8088467,0.1911533
391,0.80574226,0.19425777
392,0.7964912,0.2035088
393,0.8088467,0.1911533
394,0.4899869,0.5100131
395,0.80732954,0.19267045
396,0.80732954,0.19267045
397,0.7964912,0.2035088
398,0.4507773,0.5492227
399,0.8088467,0.1911533
400,0.8088467,0.1911533
401,0.8088467,0.1911533
402,0.6830928,0.31690723
403,0.80732954,0.19267045
404,0.8088467,0.1911533
405,0.8088467,0.1911533
406,0.8088467,0.1911533
407,0.8088467,0.1911533
408,0.8088467,0.1911533
409,0.8088467,0.1911533
410,0.8088467,0.1911533
411,0.8088467,0.1911533
412,0.80732954,0.19267045
413,0.80732954,0.19267045
414,0.8088467,0.1911533
415,0.8088467,0.1911533
416,0.8088467,0.1911533
417,0.8088467,0.1911533
418,0.80732954,0.19267045
419,0.5525937,0.44740632
420,0.8088467,0.1911533
421,0.80732954,0.19267045
422,0.7846076,0.21539241
423,0.8088467,0.1911533
424,0.80732954,0.19267045
425,0.80732954,0.19267045
426,0.80574226,0.19425777
427,0.8088467,0.1911533
428,0.80574226,0.19425777
429,0.7964912,0.2035088
430,0.8088467,0.1911533
431,0.80574226,0.19425777
432,0.80732954,0.19267045
433,0.80732954,0.19267045
434,0.80574226,0.19425777
435,0.7964912,0.2035088
436,0.80732954,0.19267045
437,0.80732954,0.19267045
438,0.80732954,0.19267045
439,0.80574226,0.19425777
440,0.8088467,0.1911533
441,0.8088467,0.1911533
442,0.8088467,0.1911533
443,0.8088467,0.1911533
444,0.7964912,0.2035088
445,0.8088467,0.1911533
446,0.80574226,0.19425777
447,0.54832935,0.45167065
448,0.8088467,0.1911533
449,0.80574226,0.19425777
450,0.4507773,0.5492227
451,0.8088467,0.1911533
452,0.8088467,0.1911533
453,0.8088467,0.1911533
454,0.8088467,0.1911533
455,0.5419257,0.45807427
456,0.80574226,0.19425777
457,0.8088467,0.1911533
458,0.8088467,0.1911533
459,0.8088467,0.1911533
460,0.8088467,0.1911533
461,0.8088467,0.1911533
462,0.8088467,0.1911533
463,0.80732954,0.19267045
464,0.8088467,0.1911533
465,0.80574226,0.19425777
466,0.8088467,0.1911533
467,0.8088467,0.1911533
468,0.80732954,0.19267045
469,0.8088467,0.1911533
470,0.7964912,0.2035088
471,0.80732954,0.19267045
472,0.80732954,0.19267045
473,0.8088467,0.1911533
474,0.4899869,0.5100131
475,0.7964912,0.2035088
476,0.8088467,0.1911533
477,0.80574226,0.19425777
478,0.5406301,0.4593699
479,0.80732954,0.19267045
480,0.8088467,0.1911533
481,0.80574226,0.19425777
482,0.8088467,0.1911533
483,0.80732954,0.19267045
484,0.8088467,0.1911533
485,0.8088467,0.1911533
486,0.4507773,0.5492227
487,0.8088467,0.1911533
488,0.80574226,0.19425777
489,0.7964912,0.2035088
490,0.8088467,0.1911533
491,0.4507773,0.5492227
492,0.80574226,0.19425777
493,0.74608994,0.25391006
494,0.8088467,0.1911533
495,0.80732954,0.19267045
496,0.80574226,0.19425777
497,0.44310397,0.55689603
498,0.8088467,0.1911533
499,0.80574226,0.19425777
500,0.8088467,0.1911533
501,0.8088467,0.1911533
502,0.8088467,0.1911533
503,0.80574226,0.19425777
504,0.80732954,0.19267045
505,0.8088467,0.1911533
506,0.80574226,0.19425777
507,0.45285338,0.5471466
508,0.8088467,0.1911533
509,0.80574226,0.19425777
510,0.8088467,0.1911533
511,0.8088467,0.1911533
512,0.8088467,0.1911533
513,0.8088467,0.1911533
514,0.7964912,0.2035088
515,0.8088467,0.1911533
516,0.8088467,0.1911533
517,0.8088467,0.1911533
518,0.7964912,0.2035088
519,0.80732954,0.19267045
520,0.8088467,0.1911533
521,0.8088467,0.1911533
522,0.80574226,0.19425777
523,0.80732954,0.19267045
524,0.80732954,0.19267045
525,0.7906553,0.2093447
526,0.8088467,0.1911533
527,0.80732954,0.19267045
528,0.80732954,0.19267045
529,0.8088467,0.1911533
530,0.8088467,0.1911533
531,0.80574226,0.19425777
532,0.8088467,0.1911533
533,0.8088467,0.1911533
534,0.8088467,0.1911533
535,0.8088467,0.1911533
536,0.8088467,0.1911533
537,0.8088467,0.1911533
538,0.80732954,0.19267045
539,0.8088467,0.1911533
540,0.71651495,0.28348508
541,0.8088467,0.1911533
542,0.80732954,0.19267045
543,0.49458063,0.5054194
544,0.6846373,0.31536266
545,0.8088467,0.1911533
546,0.7846076,0.21539241
547,0.80574226,0.19425777
548,0.80732954,0.19267045
549,0.8088467,0.1911533
550,0.7964912,0.2035088
551,0.8088467,0.1911533
552,0.8088467,0.1911533
553,0.8088467,0.1911533
554,0.80732954,0.19267045
555,0.8088467,0.1911533
556,0.55388343,0.44611657
557,0.80732954,0.19267045
558,0.5525937,0.44740632
559,0.8088467,0.1911533
560,0.8088467,0.1911533
561,0.80574226,0.19425777
562,0.80732954,0.19267045
563,0.80574226,0.19425777
564,0.8088467,0.1911533
565,0.80732954,0.19267045
566,0.8088467,0.1911533
567,0.8088467,0.1911533
568,0.8088467,0.1911533
569,0.6846373,0.31536266
570,0.7781079,0.22189215
571,0.8088467,0.1911533
572,0.8088467,0.1911533
573,0.7906553,0.2093447
574,0.8088467,0.1911533
575,0.80574226,0.19425777
576,0.46185255,0.53814745
577,0.80574226,0.19425777
578,0.80732954,0.19267045
579,0.6045637,0.3954363
580,0.8088467,0.1911533
581,0.49458063,0.5054194
582,0.7964912,0.2035088
583,0.8088467,0.1911533
584,0.43622452,0.5637755
585,0.8088467,0.1911533
586,0.8088467,0.1911533
587,0.8088467,0.1911533
588,0.80732954,0.19267045
589,0.43622452,0.5637755
590,0.8088467,0.1911533
591,0.80732954,0.19267045
592,0.8088467,0.1911533
593,0.74608994,0.25391006
594,0.8088467,0.1911533
595,0.80574226,0.19425777
596,0.8088467,0.1911533
597,0.8088467,0.1911533
598,0.8088467,0.1911533
599,0.8088467,0.1911533
600,0.80732954,0.19267045
601,0.80732954,0.19267045
602,0.8088467,0.1911533
603,0.80732954,0.19267045
604,0.7191464,0.2808536
605,0.80574226,0.19425777
606,0.80732954,0.19267045
607,0.8088467,0.1911533
608,0.55388343,0.44611657
609,0.80732954,0.19267045
610,0.80732954,0.19267045
611,0.8088467,0.1911533
612,0.8088467,0.1911533
613,0.80732954,0.19267045
614,0.8088467,0.1911533
615,0.8088467,0.1911533
616,0.54962134,0.45037863
617,0.8088467,0.1911533
618,0.80732954,0.19267045
619,0.8088467,0.1911533
620,0.8088467,0.1911533
621,0.80732954,0.19267045
622,0.8088467,0.1911533
623,0.6830928,0.31690723
624,0.80732954,0.19267045
625,0.8088467,0.1911533
626,0.7964912,0.2035088
627,0.8088467,0.1911533
628,0.8088467,0.1911533
629,0.4899869,0.5100131
630,0.74507374,0.25492626
631,0.80732954,0.19267045
632,0.8088467,0.1911533
633,0.80732954,0.19267045
634,0.80574226,0.19425777
635,0.8088467,0.1911533
636,0.80574226,0.19425777
637,0.7964912,0.2035088
638,0.53346956,0.46653047
639,0.80732954,0.19267045
640,0.47526366,0.52473634
641,0.8088467,0.1911533
642,0.8088467,0.1911533
643,0.80732954,0.19267045
644,0.6846373,0.31536266
645,0.80732954,0.19267045
646,0.80732954,0.19267045
647,0.80732954,0.19267045
648,0.8088467,0.1911533
649,0.7964912,0.2035088
650,0.8088467,0.1911533
651,0.79227,0.20773001
652,0.80732954,0.19267045
653,0.8088467,0.1911533
654,0.41420197,0.585798
655,0.8088467,0.1911533
656,0.80732954,0.19267045
657,0.43622452,0.5637755
658,0.44310397,0.55689603
659,0.6830928,0.31690723
660,0.8088467,0.1911533
661,0.8088467,0.1911533
662,0.6846373,0.31536266
663,0.49458063,0.5054194
664,0.80732954,0.19267045
665,0.8088467,0.1911533
666,0.80574226,0.19425777
667,0.8088467,0.1911533
668,0.8088467,0.1911533
669,0.5419257,0.45807427
670,0.8088467,0.1911533
671,0.80574226,0.19425777
672,0.80574226,0.19425777
673,0.80732954,0.19267045
674,0.80574226,0.19425777
675,0.80732954,0.19267045
676,0.8088467,0.1911533
677,0.8088467,0.1911533
678,0.7964912,0.2035088
679,0.80732954,0.19267045
680,0.80732954,0.19267045
681,0.7276789,0.27232113
682,0.8088467,0.1911533
683,0.8088467,0.1911533
684,0.8088467,0.1911533
685,0.7964912,0.2035088
686,0.44387364,0.55612636
687,0.7964912,0.2035088
688,0.80574226,0.19425777
689,0.55388343,0.44611657
690,0.8088467,0.1911533
691,0.80732954,0.19267045
692,0.80732954,0.19267045
693,0.80732954,0.19267045
694,0.8088467,0.1911533
695,0.8088467,0.1911533
696,0.8088467,0.1911533
697,0.60947686,0.39052314
698,0.8088467,0.1911533
699,0.8088467,0.1911533
700,0.8088467,0.1911533
701,0.8088467,0.1911533
702,0.8088467,0.1911533
703,0.80732954,0.19267045
704,0.80732954,0.19267045
705,0.8088467,0.1911533
706,0.5406301,0.4593699
707,0.8088467,0.1911533
708,0.8088467,0.1911533
709,0.8088467,0.1911533
710,0.8088467,0.1911533
711,0.8088467,0.1911533
712,0.5406301,0.4593699
713,0.5525937,0.44740632
714,0.8088467,0.1911533
715,0.8088467,0.1911533
716,0.8088467,0.1911533
717,0.7906553,0.2093447
718,0.7906553,0.2093447
719,0.80574226,0.19425777
720,0.80732954,0.19267045
721,0.45414662,0.5458534
722,0.7191464,0.2808536
723,0.80732954,0.19267045
724,0.80732954,0.19267045
725,0.80574226,0.19425777
726,0.7964912,0.2035088
727,0.8088467,0.1911533
728,0.6830928,0.31690723
729,0.80574226,0.19425777
730,0.6846373,0.31536266
731,0.8088467,0.1911533
732,0.8088467,0.1911533
733,0.5419257,0.45807427
734,0.80732954,0.19267045
735,0.8088467,0.1911533
736,0.7276789,0.27232113
737,0.45285338,0.5471466
738,0.8088467,0.1911533
739,0.73903304,0.26096696
740,0.73388773,0.26611227
741,0.8088467,0.1911533
742,0.80574226,0.19425777
743,0.8088467,0.1911533
744,0.80574226,0.19425777
745,0.80732954,0.19267045
746,0.8088467,0.1911533
747,0.7191464,0.2808536
748,0.80732954,0.19267045
749,0.8088467,0.1911533
750,0.8088467,0.1911533
751,0.80732954,0.19267045
752,0.8088467,0.1911533
753,0.79227,0.20773001
754,0.8088467,0.1911533
755,0.80574226,0.19425777
756,0.8088467,0.1911533
757,0.8088467,0.1911533
758,0.8088467,0.1911533
759,0.8088467,0.1911533
760,0.8088467,0.1911533
761,0.80732954,0.19267045
762,0.8088467,0.1911533
763,0.80574226,0.19425777
764,0.8088467,0.1911533
765,0.8088467,0.1911533
766,0.74608994,0.25391006
767,0.8088467,0.1911533
768,0.8088467,0.1911533
769,0.8088467,0.1911533
770,0.8088467,0.1911533
771,0.8088467,0.1911533
772,0.80732954,0.19267045
773,0.80732954,0.19267045
774,0.80732954,0.19267045
775,0.80732954,0.19267045
776,0.80574226,0.19425777
777,0.8088467,0.1911533
778,0.80732954,0.19267045
779,0.8088467,0.1911533
780,0.80732954,0.19267045
781,0.8088467,0.1911533
782,0.8088467,0.1911533
783,0.8088467,0.1911533
784,0.80574226,0.19425777
785,0.8088467,0.1911533
786,0.8088467,0.1911533
787,0.80732954,0.19267045
788,0.60947686,0.39052314
789,0.8088467,0.1911533
790,0.80732954,0.19267045
791,0.73903304,0.26096696
792,0.80574226,0.19425777
793,0.8088467,0.1911533
794,0.8088467,0.1911533
795,0.80574226,0.19425777
796,0.8088467,0.1911533
797,0.8088467,0.1911533
798,0.8088467,0.1911533
799,0.8088467,0.1911533
800,0.8088467,0.1911533
801,0.8088467,0.1911533
802,0.8088467,0.1911533
803,0.80732954,0.19267045
804,0.80574226,0.19425777
805,0.8088467,0.1911533
806,0.7964912,0.2035088
807,0.80732954,0.19267045
808,0.8088467,0.1911533
809,0.8088467,0.1911533
810,0.80574226,0.19425777
811,0.80732954,0.19267045
812,0.6830928,0.31690723
813,0.8088467,0.1911533
814,0.8088467,0.1911533
815,0.80732954,0.19267045
816,0.80732954,0.19267045
817,0.80574226,0.19425777
818,0.8088467,0.1911533
819,0.8088467,0.1911533
820,0.80732954,0.19267045
821,0.80732954,0.19267045
822,0.5525937,0.44740632
823,0.8088467,0.1911533
824,0.80732954,0.19267045
825,0.80574226,0.19425777
826,0.80732954,0.19267045
827,0.8088467,0.1911533
828,0.8088467,0.1911533
829,0.8088467,0.1911533
830,0.80574226,0.19425777
831,0.80574226,0.19425777
832,0.48353517,0.5164648
833,0.80574226,0.19425777
834,0.8088467,0.1911533
835,0.80732954,0.19267045
836,0.49458063,0.5054194
837,0.79227,0.20773001
838,0.53217065,0.46782935
839,0.80732954,0.19267045
840,0.80574226,0.19425777
841,0.8088467,0.1911533
842,0.7906553,0.2093447
843,0.48353517,0.5164648
844,0.8088467,0.1911533
845,0.7964912,0.2035088
846,0.55388343,0.44611657
847,0.80574226,0.19425777
848,0.7964912,0.2035088
849,0.7964912,0.2035088
850,0.8088467,0.1911533
851,0.6830928,0.31690723
852,0.44310397,0.55689603
853,0.49458063,0.5054194
854,0.8088467,0.1911533
855,0.80732954,0.19267045
856,0.8088467,0.1911533
857,0.8088467,0.1911533
858,0.80732954,0.19267045
859,0.8088467,0.1911533
860,0.8088467,0.1911533
861,0.8088467,0.1911533
862,0.80574226,0.19425777
863,0.8088467,0.1911533
864,0.8088467,0.1911533
865,0.80574226,0.19425777
866,0.8088467,0.1911533
867,0.8088467,0.1911533
868,0.8088467,0.1911533
869,0.8088467,0.1911533
870,0.44387364,0.55612636
871,0.55388343,0.44611657
872,0.8088467,0.1911533
873,0.8088467,0.1911533
874,0.80574226,0.19425777
875,0.7906553,0.2093447
876,0.8088467,0.1911533
877,0.43622452,0.5637755
878,0.8088467,0.1911533
879,0.8088467,0.1911533
880,0.80732954,0.19267045
881,0.539891,0.46010897
882,0.49458063,0.5054194
883,0.80732954,0.19267045
884,0.44310397,0.55689603
885,0.8088467,0.1911533
886,0.8088467,0.1911533
887,0.5406301,0.4593699
888,0.80732954,0.19267045
889,0.8088467,0.1911533
890,0.80574226,0.19425777
891,0.80732954,0.19267045
892,0.80732954,0.19267045
893,0.7964912,0.2035088
894,0.80732954,0.19267045
895,0.8088467,0.1911533
896,0.80574226,0.19425777
897,0.80732954,0.19267045
898,0.80574226,0.19425777
899,0.80574226,0.19425777
900,0.80732954,0.19267045
901,0.7276789,0.27232113
902,0.80732954,0.19267045
903,0.8088467,0.1911533
904,0.8088467,0.1911533
905,0.8088467,0.1911533
906,0.80732954,0.19267045
907,0.80574226,0.19425777
908,0.49458063,0.5054194
909,0.8088467,0.1911533
910,0.7964912,0.2035088
911,0.8088467,0.1911533
912,0.6846373,0.31536266
913,0.8088467,0.1911533
914,0.8088467,0.1911533
915,0.80574226,0.19425777
916,0.43622452,0.5637755
917,0.6830928,0.31690723
918,0.80574226,0.19425777
919,0.6846373,0.31536266
920,0.8088467,0.1911533
921,0.80732954,0.19267045
922,0.80732954,0.19267045
923,0.80732954,0.19267045
924,0.5419257,0.45807427
925,0.8088467,0.1911533
926,0.80574226,0.19425777
927,0.8088467,0.1911533
928,0.8088467,0.1911533
929,0.80732954,0.19267045
930,0.8088467,0.1911533
931,0.6846373,0.31536266
932,0.80732954,0.19267045
933,0.80732954,0.19267045
934,0.5602555,0.43974447
935,0.7862563,0.21374369
936,0.7276789,0.27232113
937,0.8088467,0.1911533
938,0.80574226,0.19425777
939,0.8088467,0.1911533
940,0.8088467,0.1911533
941,0.7781079,0.22189215
942,0.80574226,0.19425777
943,0.8088467,0.1911533
944,0.80732954,0.19267045
945,0.46055585,0.53944415
946,0.54832935,0.45167065
947,0.80732954,0.19267045
948,0.8088467,0.1911533
949,0.8088467,0.1911533
950,0.8088467,0.1911533
951,0.5929662,0.40703377
952,0.8088467,0.1911533
953,0.8088467,0.1911533
954,0.80574226,0.19425777
955,0.48353517,0.5164648
956,0.8088467,0.1911533
957,0.8088467,0.1911533
958,0.8088467,0.1911533
959,0.491291,0.508709
960,0.80732954,0.19267045
961,0.8088467,0.1911533
962,0.8088467,0.1911533
963,0.7638142,0.23618579
964,0.8088467,0.1911533
965,0.80732954,0.19267045
966,0.8088467,0.1911533
967,0.49458063,0.5054194
968,0.5419257,0.45807427
969,0.8088467,0.1911533
970,0.76019526,0.23980474
971,0.5406301,0.4593699
972,0.80732954,0.19267045
973,0.5525937,0.44740632
974,0.80732954,0.19267045
975,0.8088467,0.1911533
976,0.80574226,0.19425777
977,0.80732954,0.19267045
978,0.8088467,0.1911533
979,0.8088467,0.1911533
980,0.8088467,0.1911533
981,0.80574226,0.19425777
982,0.5929662,0.40703377
983,0.8088467,0.1911533
984,0.37380874,0.62619126
985,0.80732954,0.19267045
986,0.8088467,0.1911533
987,0.8088467,0.1911533
988,0.80574226,0.19425777
989,0.80574226,0.19425777
990,0.43622452,0.5637755
991,0.45285338,0.5471466
992,0.8088467,0.1911533
993,0.80574226,0.19425777
994,0.80732954,0.19267045
995,0.80574226,0.19425777
996,0.54832935,0.45167065
997,0.5236323,0.47636768
998,0.8088467,0.1911533
999,0.80574226,0.19425777
